"id";"username";"password";"email"
1;"Nicola";"pippo";"nicola@email.it"
2;"adamas";"pippo";"adamas@hol.de"
3;"batman";"iambatman";"iambatman@batman.bt"
4;"babbo";"natale";"hoho@babbo.lap"
5;"superman";"superman";"superman@sp.sp"
6;"Flash";"flash";"flash@flash.it"
7;"batman";"bttman";"batman@batman.bt"
8;"pippo";"pippo";"pippo@pippo.pp"
9;"Sandro";"sandro";"sandrokan@google.com"
10;"Ale";"nuvo";"ale@gmail.com"
11;"pippo";"pippo";"pippo@pippo.pi"
12;"test";"test";"test"
13;"test";"test";"test"
14;"test";"test";"test@test.it"
15;"sara";"sara";"sara@bella.com"
